title,service_name,agency_sent_datetime,description,requested_datetime,updated_datetime,lat,status,interface_used,service_code,service_request_id,long,media_url,detail
Builder‚Äôs rubbish left in park,Fly-Tipping,2021-10-26T10:30:08+01:00,"Builder‚Äôs rubbish left in park: Builder‚Äôs rubbish has been left by the road leading to the school on Hilly Fields, in the wild flower area. Left hand side as you go up Eastern Avenue and beyond, almost to the school.",2021-10-26T10:30:03+01:00,2021-10-26T10:30:08+01:00,[object Object],51.459072,open,iOS,Fly-Tipping,3084997,-0.025148,https://www.fixmystreet.com/photo/3084997.0.full.jpeg?0b2aec99,"Builder‚Äôs rubbish has been left by the road leading to the school on Hilly Fields, in the wild flower area. Left hand side as you go up Eastern Avenue and beyond, almost to the school."
Android,51.457891,open,Left on the wall beside the carpark between 24 and 26 wisteria road,https://www.fixmystreet.com/photo/3084964.0.full.jpeg?afb6b1f4,-0.005566,3084964,Fly-Tipping,Abandoned leather chair: Left on the wall beside the carpark between 24 and 26 wisteria road,2021-10-26T10:14:10+01:00,Fly-Tipping,Abandoned leather chair,[object Object],2021-10-26T10:14:10+01:00,2021-10-26T10:14:10+01:00
3084962,-0.016941,Street Cleaning,There is now a 6ft high pile of rubbish and a fridge blocking the pavement! please clean this up and enforce no fly tipping !,https://www.fixmystreet.com/photo/3084962.0.full.jpeg?64121400,51.433223,open,desktop,2021-10-26T10:13:11+01:00,2021-10-26T10:13:18+01:00,[object Object],Cant use the pavement,Cant use the pavement: There is now a 6ft high pile of rubbish and a fridge blocking the pavement! please clean this up and enforce no fly tipping !,2021-10-26T10:13:18+01:00,Street Cleaning
Overflowing rubbish,Overflowing rubbish: Rubbish from local takeaways bins overflowing 24/7,Trade Waste Issue,2021-10-26T10:11:49+01:00,2021-10-26T10:11:46+01:00,[object Object],2021-10-26T10:11:49+01:00,open,51.447314,desktop,-0.000236,3084956,Trade Waste Issue,Rubbish from local takeaways bins overflowing 24/7
[object Object],2021-10-26T10:10:49+01:00,2021-10-26T10:10:48+01:00,Usual rubbish dumped: Please put up a camera at this location it is always full of rubbish!,2021-10-26T10:10:49+01:00,Rubbish (refuse and recycling),Usual rubbish dumped,Please put up a camera at this location it is always full of rubbish!,https://www.fixmystreet.com/photo/3084948.0.full.jpeg?67ac8f8a,3084948,-0.002205,Rubbish (refuse and recycling),desktop,open,51.44704
2021-10-26T09:25:17+01:00,2021-10-26T09:25:19+01:00,[object Object],Large amount of waste in front garden,Large amount of waste in front garden: Household waste accumulated in front of 224 Shroffold Road including larger items such as sofas. This has been present for months.,2021-10-26T09:25:19+01:00,Rubbish (refuse and recycling),3084817,0.009838,Rubbish (refuse and recycling),Household waste accumulated in front of 224 Shroffold Road including larger items such as sofas. This has been present for months.,https://www.fixmystreet.com/photo/3084817.0.full.jpeg?661dfbae,open,51.430243,desktop
Fly-Tipping,-0.030879,3084730,https://www.fixmystreet.com/photo/3084730.0.full.jpeg?763a99fa,Wood,open,51.474473,iOS,2021-10-26T08:54:10+01:00,2021-10-26T08:54:10+01:00,[object Object],Wood,Fly-Tipping,2021-10-26T08:54:10+01:00,Wood: Wood
Fly tipping here,2021-10-26T08:21:49+01:00,Fly-Tipping,Fly tipping here: More fly tipping here,2021-10-26T08:21:47+01:00,2021-10-26T08:21:49+01:00,[object Object],open,51.42613,iOS,Fly-Tipping,-0.003322,3084678,https://www.fixmystreet.com/photo/3084678.0.full.jpeg?43b33d85,More fly tipping here
iOS,51.428525,open,https://www.fixmystreet.com/photo/3084665.0.full.jpeg?d9b0ba52,"More fly tipping here, mattress and wood",Fly-Tipping,-0.001177,3084665,Fly-Tipping,2021-10-26T08:11:55+01:00,"Fly tipping here: More fly tipping here, mattress and wood",Fly tipping here,2021-10-26T08:11:55+01:00,[object Object],2021-10-26T08:11:51+01:00
open,51.447099,mobile,Rubbish (refuse and recycling),3084662,-0.002244,https://www.fixmystreet.com/photo/3084662.0.full.jpeg?7e25d106,Bags of rubbish have been dumped and ripped open by foxes. Contents spread across the pavement. Please can this be removed. Thanks,Bags of rubbish ripped open and strewn across the street,Rubbish (refuse and recycling),2021-10-26T08:10:43+01:00,Bags of rubbish ripped open and strewn across the street: Bags of rubbish have been dumped and ripped open by foxes. Contents spread across the pavement. Please can this be removed. Thanks,2021-10-26T08:10:41+01:00,2021-10-26T08:10:43+01:00,[object Object]
open,51.470985,iOS,Fly-Tipping,-0.034363,3084646,https://www.fixmystreet.com/photo/3084646.0.full.jpeg?4fcf29d1,Old appliances dumped,Fly tipping,2021-10-26T08:00:59+01:00,Fly-Tipping,Fly tipping: Old appliances dumped,2021-10-26T08:00:58+01:00,2021-10-26T08:00:59+01:00,[object Object]
Street Cleaning,2021-10-23T13:16:19+01:00,[object Object],51.453618,3,https://www.fixmystreet.com/photo/3070635.0.full.jpeg?677e7103,Pavements overgrown with lots of rubbish everywhere. Been like this for months. Terrible.,Pavements overgrown,2021-10-18T23:37:11+01:00,Pavements overgrown: Pavements overgrown with lots of rubbish everywhere. Been like this for months. Terrible.,2021-10-18T23:37:06+01:00,open,mobile,Street Cleaning,3070635,-0.005911
2021-10-01T19:09:25+01:00,Mess at Lewisham Homes property,2021-10-01T19:09:27+01:00,"Mess at Lewisham Homes property: Hello, An unknown substance has been poured/spilled out of a window belonging to a Lewisham Homes property (flat 5 Stephens Court, 82 Endwell Road). This mess is now down the wall below and over the windows of the two flats below.

Lewisham Homes do not manage the whole of Stephens Court. However, they do rent flat 5 from the owner to provide social housing. Please can you check this as my other report was rejected.

Please can you arrange for someone from Lewisham Homes to attend and clean this up. Thank you.",Lewisham Homes,3036793,-0.038682,open,Android,[object Object],2021-10-15T09:47:34+01:00,Lewisham Homes,2,https://www.fixmystreet.com/photo/3036793.0.full.jpeg?a76d1ed3,"Hello, An unknown substance has been poured/spilled out of a window belonging to a Lewisham Homes property (flat 5 Stephens Court, 82 Endwell Road). This mess is now down the wall below and over the windows of the two flats below.

Lewisham Homes do not manage the whole of Stephens Court. However, they do rent flat 5 from the owner to provide social housing. Please can you check this as my other report was rejected.

Please can you arrange for someone from Lewisham Homes to attend and clean this up. Thank you.",51.465789
2021-10-01T10:24:52+01:00,2021-10-01T10:24:54+01:00,[object Object],Huge potholes,2021-10-01T10:24:54+01:00,Potholes,Huge potholes: Huge potholes danger to cars and cyclists. been reported previously council negligent by ignoring reports.,Potholes,3035538,-0.04511,Huge potholes danger to cars and cyclists. been reported previously council negligent by ignoring reports.,51.486193,open,desktop
open,mobile,3028175,-0.03736,Fly-Tipping,Bed bases dumped on pavement,Bed bases dumped on pavement: Been here for 10 days. Filthy. Wet. Stinking.,2021-09-27T16:45:05+01:00,2021-09-27T16:45:04+01:00,51.461958,3,Been here for 10 days. Filthy. Wet. Stinking.,https://www.fixmystreet.com/photo/3028175.0.full.jpeg?fa10ff4b,Fly-Tipping,[object Object],2021-10-02T22:16:33+01:00
Abandoned vehicles,6,3021226,0.009659,"Peugeot YF63VLY has been parked here for over 4 weeks now - with multiple Plastic enveloped London Borough of Lewisham parking notices under windscreen wiper, Now an eyesore and blocks the parking opportunities for Post Office customers and Royal Mail mail collection vehicles.

Exact position here (not showing the actual vehicle):

Https://www.instantstreetview.com/@51.466141,0.009802,105.68h,-30.56p,1z,iBQtqLk9r59UwLoQo1f3zA

Please arrange removal by collection on lorry.",open,51.46621,desktop,2021-09-23T17:47:39+01:00,2021-10-21T18:03:17+01:00,[object Object],Peugeot 208 YF63VLY Abandoned outside Blackheath Village Post Office,Abandoned vehicles,2021-09-23T17:47:48+01:00,"Peugeot 208 YF63VLY Abandoned outside Blackheath Village Post Office: Peugeot YF63VLY has been parked here for over 4 weeks now - with multiple Plastic enveloped London Borough of Lewisham parking notices under windscreen wiper, Now an eyesore and blocks the parking opportunities for Post Office customers and Royal Mail mail collection vehicles.

Exact position here (not showing the actual vehicle):

Https://www.instantstreetview.com/@51.466141,0.009802,105.68h,-30.56p,1z,iBQtqLk9r59UwLoQo1f3zA

Please arrange removal by collection on lorry."
1,https://www.fixmystreet.com/photo/3016974.0.full.jpeg?ed471933,This has not yet been fixed and is getting louder. Please confirm when this will be dealt with. Can I do it myself? Apparently Google says sticking plastic gloves under each corner stops the noise? Maybe you could try that?,51.468739,[object Object],2021-10-22T14:44:43+01:00,Roads/Highways,Roads/Highways,3016974,-0.032453,open,iOS,2021-09-22T00:31:59+01:00,Very noisy manhole cover,2021-09-22T00:32:04+01:00,Very noisy manhole cover: This has not yet been fixed and is getting louder. Please confirm when this will be dealt with. Can I do it myself? Apparently Google says sticking plastic gloves under each corner stops the noise? Maybe you could try that?
Please stop just ‚Äúpassing to Highways‚Äù and ‚Äúmarking as closed‚Äù. The issue has not been resolved. This falsely claims you have dealt with it. Please fix this manhole cover,https://www.fixmystreet.com/photo/3001891.0.full.jpeg?ed471933,-0.032473,3001891,Roads/Highways,iOS,51.46874,open,[object Object],2021-09-15T08:36:39+01:00,2021-09-15T08:36:34+01:00,Noisy manhole: Please stop just ‚Äúpassing to Highways‚Äù and ‚Äúmarking as closed‚Äù. The issue has not been resolved. This falsely claims you have dealt with it. Please fix this manhole cover,2021-09-15T08:36:39+01:00,Roads/Highways,Noisy manhole
2021-10-21T17:28:14+01:00,[object Object],Roads/Highways,5,https://www.fixmystreet.com/photo/2999398.0.full.jpeg?cf6b62e7,"Located on the north side of Sydenham park road. A drain is blocked, causing a 5m long puddle and half-impassable pathway after most rain; when it rains heavily, the road has a multi-inch flood and the path is impassable, requiring pedestrians to cross the street.",51.432963,2021-09-14T08:28:35+01:00,Blocked drain causing flooded pavement and road,2021-09-14T08:28:39+01:00,"Blocked drain causing flooded pavement and road: Located on the north side of Sydenham park road. A drain is blocked, causing a 5m long puddle and half-impassable pathway after most rain; when it rains heavily, the road has a multi-inch flood and the path is impassable, requiring pedestrians to cross the street.",Roads/Highways,2999398,-0.056032,open,mobile
2021-09-08T07:50:53+01:00,Potholes,20 inch potholes: Who maintains this road if it isnt Council please? There is a council tip on the road LANDMANN WAY. please answer the question - You are negligent by ignoring these requests,20 inch potholes,[object Object],2021-10-06T08:06:56+01:00,2021-09-08T07:50:53+01:00,desktop,open,51.486276,Who maintains this road if it isnt Council please? There is a council tip on the road LANDMANN WAY. please answer the question - You are negligent by ignoring these requests,3,Potholes,2986723,-0.044949
[object Object],2021-10-05T20:38:11+01:00,2021-09-07T19:08:32+01:00,"Paving slabs: Paving slabs have risen again and are loose. It‚Äôs the bus 336 that‚Äôs causing the problem, it mounts the pavement when the other bus is coming. This is outside No 92 and No 94 and quite visible to the eye. Tarmac would be better.",Pavement Jetting,2021-09-07T19:08:33+01:00,Paving slabs,"Paving slabs have risen again and are loose. It‚Äôs the bus 336 that‚Äôs causing the problem, it mounts the pavement when the other bus is coming. This is outside No 92 and No 94 and quite visible to the eye. Tarmac would be better.",0.004282,2986218,4,Pavement Jetting,mobile,51.423573,open
open,51.48455,desktop,2984253,-0.04518,Potholes,1,Pot holes been here for years - Dangerous to cyclists and cars,Huge potholes causing damage to cars,Huge potholes causing damage to cars: Pot holes been here for years - Dangerous to cyclists and cars,2021-09-07T08:54:21+01:00,Potholes,2021-09-07T08:54:15+01:00,[object Object],2021-10-05T09:20:09+01:00
Tree,2980136,-0.046375,desktop,open,2021-09-05T13:14:41+01:00,2021-09-05T13:14:42+01:00,"Lewisham Tree Section still not carried out tree cropping.: Lewisham Tree Section have still only done a small part of the work required to get the trees in Aylward road into good shape, the bottom part of the tree has been cut back but the crown of the trees which are a problem still need to be cropped back, i was told by Lewisham that the work would be carried out in July/August but now we are in September and still waiting",Lewisham Tree Section still not carried out tree cropping.,https://www.fixmystreet.com/photo/2980136.0.full.jpeg?ab37eb46,"Lewisham Tree Section have still only done a small part of the work required to get the trees in Aylward road into good shape, the bottom part of the tree has been cut back but the crown of the trees which are a problem still need to be cropped back, i was told by Lewisham that the work would be carried out in July/August but now we are in September and still waiting",1,51.436005,[object Object],2021-10-03T18:07:10+01:00,Tree
Parks/Landscapes,2021-09-01T17:42:04+01:00,Unusable walkthrough: It is so overgrown it makes it difficult for some residents to now access. It needs pruning as a matter of urgency.,Unusable walkthrough,[object Object],2021-09-01T17:42:04+01:00,2021-09-01T17:42:04+01:00,mobile,51.46655,open,https://www.fixmystreet.com/photo/2972780.0.full.jpeg?fb810e4f,It is so overgrown it makes it difficult for some residents to now access. It needs pruning as a matter of urgency.,Parks/Landscapes,0.009488,2972780
Every week there seems to be bags and boxes of rubbish just dumped in the area.,0.005389,2955881,Fly-Tipping,1,mobile,51.423197,open,2021-09-21T18:34:03+01:00,[object Object],2021-08-24T14:28:27+01:00,Rubbish constantly dumped on Rangefield road: Every week there seems to be bags and boxes of rubbish just dumped in the area.,Fly-Tipping,2021-08-24T14:28:28+01:00,Rubbish constantly dumped on Rangefield road
2021-10-15T20:11:23+01:00,[object Object],2021-08-20T19:00:31+01:00,"Work not carried out as planned: I have been complaining about the tree outside my house 1 Aylward Road Forest Hill SE232JE for months now and two days ago i was told the tree section would in the next 10 days carry out work the crop back the tree a per your three year plan, however yesterday your tree section people came and just cut back the bottom part of the tree leaving the crown of the tree which is so overgrown the the branches are almost touching my house, blocking daylight into my home, blocking street lights at night, Also i am unable to park my car in my disabled bay as debris from the tree is damaging my cars paintwork",2021-08-20T19:00:31+01:00,Tree,Work not carried out as planned,"I have been complaining about the tree outside my house 1 Aylward Road Forest Hill SE232JE for months now and two days ago i was told the tree section would in the next 10 days carry out work the crop back the tree a per your three year plan, however yesterday your tree section people came and just cut back the bottom part of the tree leaving the crown of the tree which is so overgrown the the branches are almost touching my house, blocking daylight into my home, blocking street lights at night, Also i am unable to park my car in my disabled bay as debris from the tree is damaging my cars paintwork",https://www.fixmystreet.com/photo/2948842.0.full.jpeg?ab37eb46,2948842,-0.046442,Tree,desktop,51.436043,open
2021-08-20T10:28:28+01:00,2021-10-18T15:52:53+01:00,[object Object],Blocked junction parking on corners / yellow lines,Blocked junction parking on corners / yellow lines: Cars/ vans parked on double yellows on corners blocking junction. Dangerous junction.,Car Parking,2021-08-20T10:28:28+01:00,-0.00081,2947561,3,Car Parking,Cars/ vans parked on double yellows on corners blocking junction. Dangerous junction.,51.447749,open,desktop
open,mobile,Roads/Highways,2939661,-0.039919,Heavy electric buses are making our houses shake,2021-08-16T22:07:21+01:00,"Heavy electric buses are making our houses shake: Neighbours up and down the whole length of Sprules Road, ourselves included (at number 3), are complaining about our houses jolting and shaking violently whenever the new exceedingly heavy electric buses hit the speed bumps. Some of the driver go a little slower and the jolt is less noticeable but many hit the bumps without slowing and our houses jump as they do. Many neighbours have noticed new cracks and damage since the electric buses arrived in March 2021. We are all worrying about damage to the fascias, walls, and possibly even subsidence if the problem isn‚Äôt solved. The council is passing the buck to TfL. TfL apparently don‚Äôt accept that buses can damage houses üôÑ The bus company have apparently however asked drivers to drive slower, but as stated many of them hit the bumps at speed. A solution might be to cut grooves in the speed bumps to accommodate the buses‚Äô wheels, or to re-route the bus route (though that could inconvenience the school), but something more than driver education needs to be done.",2021-08-16T22:07:20+01:00,51.468264,2,"Neighbours up and down the whole length of Sprules Road, ourselves included (at number 3), are complaining about our houses jolting and shaking violently whenever the new exceedingly heavy electric buses hit the speed bumps. Some of the driver go a little slower and the jolt is less noticeable but many hit the bumps without slowing and our houses jump as they do. Many neighbours have noticed new cracks and damage since the electric buses arrived in March 2021. We are all worrying about damage to the fascias, walls, and possibly even subsidence if the problem isn‚Äôt solved. The council is passing the buck to TfL. TfL apparently don‚Äôt accept that buses can damage houses üôÑ The bus company have apparently however asked drivers to drive slower, but as stated many of them hit the bumps at speed. A solution might be to cut grooves in the speed bumps to accommodate the buses‚Äô wheels, or to re-route the bus route (though that could inconvenience the school), but something more than driver education needs to be done.",Ryan Nell,Roads/Highways,[object Object],2021-09-15T22:03:42+01:00
51.429842,2,https://www.fixmystreet.com/photo/2938940.0.full.jpeg?059c094d,Drain blocked. Location regularly floods.,Roads/Highways,2021-08-17T22:45:25+01:00,[object Object],open,Android,Roads/Highways,-0.037532,2938940,Drain blocked,2021-08-16T15:53:41+01:00,Drain blocked: Drain blocked. Location regularly floods.,2021-08-16T15:53:36+01:00
Abandoned brown bin: This bin appeared here,2021-08-11T06:41:54+01:00,Abandoned brown bin,2021-08-11T06:41:53+01:00,iOS,open,-0.01552,2927746,Missed Collection (Green Waste),Missed Collection (Green Waste),[object Object],2021-09-27T13:49:31+01:00,51.458155,This bin appeared here,https://www.fixmystreet.com/photo/2927746.0.full.jpeg?b2e140e3,4
Rubbish (refuse and recycling),[object Object],2021-10-23T14:35:29+01:00,51.423918,5,https://www.fixmystreet.com/photo/2925299.0.full.jpeg?6694ce2a,"This bin arrived with the refuse team whrn the bins were emptied, about 3 weeks ago. Nobody owns it. Has a Greenwich Council stamp on it. Benbury Close BR1.",Abandoned bin,2021-08-09T20:10:36+01:00,"Abandoned bin: This bin arrived with the refuse team whrn the bins were emptied, about 3 weeks ago. Nobody owns it. Has a Greenwich Council stamp on it. Benbury Close BR1.",2021-08-09T20:10:35+01:00,open,mobile,Rubbish (refuse and recycling),-0.013121,2925299
iOS,open,51.455203,"This house tends to dump junk outside their house daily, they also dump in the street and in other peoples skips on the street. The fridge and canisters need removing",1,Fly-Tipping,-0.008629,2923530,Fly-Tipping,2021-08-09T13:35:06+01:00,"Fridge and spray paint dumped: This house tends to dump junk outside their house daily, they also dump in the street and in other peoples skips on the street. The fridge and canisters need removing",Fridge and spray paint dumped,2021-09-07T19:55:45+01:00,[object Object],2021-08-09T13:34:53+01:00
Tree,2021-08-01T17:00:39+01:00,Trees require trimming/ cutting back: Trees between Pincott Place and Hanford close dangerously overhanging properties and blocking sunlight.,Trees require trimming/ cutting back,[object Object],2021-08-15T14:06:18+01:00,2021-08-01T17:00:38+01:00,desktop,open,51.461244,Trees between Pincott Place and Hanford close dangerously overhanging properties and blocking sunlight.,2,Tree,-0.044917,2906366
Fly-tipping just inside tree-line,2021-07-25T10:42:59+01:00,Fly-tipping just inside tree-line: Fly-tipping just inside tree-line here: garden waste in black bags/ other items. See second photo for location.,2021-07-25T10:42:55+01:00,open,mobile,Fly-Tipping,2888969,-0.008174,Fly-Tipping,2021-10-17T15:26:35+01:00,[object Object],51.469166,10,https://www.fixmystreet.com/photo/2888969.0.full.jpeg?fc85fb04,Fly-tipping just inside tree-line here: garden waste in black bags/ other items. See second photo for location.
open,desktop,Tree,-0.046525,2883960,Every tree in Aylward Road is now a big problem,2021-07-22T17:11:25+01:00,Every tree in Aylward Road is now a big problem: All the tree's in Aylward have become a danger they are so overgrown the branches are so low they are almost touching my car also people walk into them when are Lewisham going to sort these tree's out ?,2021-07-22T17:11:24+01:00,51.435911,1,https://www.fixmystreet.com/photo/2883960.0.full.jpeg?5d76dd36,All the tree's in Aylward have become a danger they are so overgrown the branches are so low they are almost touching my car also people walk into them when are Lewisham going to sort these tree's out ?,Tree,[object Object],2021-10-14T18:34:25+01:00
2021-10-07T19:21:29+01:00,[object Object],2021-07-15T15:02:35+01:00,"Overgrown Tree: The tree outside number 1 Aylward Road is growing out of control the branches are almost touching my home and the debris from the tree is damaging the bodywork / paintwork of my car which is not even a year old yet, I have been told LB Lewisham I might be eligible for compensation which I will look into Please arrange for this tree to be cropped.",2021-07-15T15:02:37+01:00,Tree,Overgrown Tree,"The tree outside number 1 Aylward Road is growing out of control the branches are almost touching my home and the debris from the tree is damaging the bodywork / paintwork of my car which is not even a year old yet, I have been told LB Lewisham I might be eligible for compensation which I will look into Please arrange for this tree to be cropped.",https://www.fixmystreet.com/photo/2867332.0.full.jpeg?3a35e0fb,-0.046267,2867332,Tree,desktop,51.436031,open
Tree,2021-10-07T19:22:18+01:00,[object Object],51.436005,1,"Every Tree in the road are now so overgrown it has made the road dangerous, people cannot use the foot paths and are forced to walk in the road, Mums and their children going to and from Perry Mount School use our road and even though there are speed humps in the road cars exceed the speed limit all the time. The trees need cropping back for there is a accident people v cars.",https://www.fixmystreet.com/photo/2864420.0.full.jpeg?5d76dd36,Every Tree in the road are now very overgrown,"Every Tree in the road are now very overgrown: Every Tree in the road are now so overgrown it has made the road dangerous, people cannot use the foot paths and are forced to walk in the road, Mums and their children going to and from Perry Mount School use our road and even though there are speed humps in the road cars exceed the speed limit all the time. The trees need cropping back for there is a accident people v cars.",2021-07-14T13:51:03+01:00,2021-07-14T13:51:02+01:00,open,desktop,2864420,-0.046418,Tree
2021-07-06T14:31:06+01:00,2021-07-06T14:31:13+01:00,"Tree In Aylward Road: Lewisham tree section thank you for telling me the the tree outside 1 Aylward SE23 is due to be cut back in July / August however please can you have this work done as soon as possible You can see from the attached pictures how close it has grown to my house and car, my car is less then a year old and the paintwork is being damaged by debris from the tree I has to park under the tree as that is where my disabled bay is marked out as I am unable to walk far and need to park there. Thank you.",Tree In Aylward Road,Tree,2844957,-0.046348,desktop,open,2021-09-28T21:05:37+01:00,[object Object],Tree,https://www.fixmystreet.com/photo/2844957.0.full.jpeg?bfe63fe4,"Lewisham tree section thank you for telling me the the tree outside 1 Aylward SE23 is due to be cut back in July / August however please can you have this work done as soon as possible You can see from the attached pictures how close it has grown to my house and car, my car is less then a year old and the paintwork is being damaged by debris from the tree I has to park under the tree as that is where my disabled bay is marked out as I am unable to walk far and need to park there. Thank you.",1,51.436085
"The bridge over the River Quaggy is on the boundary of Bromley and Greenwich with Bromley being the highway authority for the bridge and to the east of the bridge. West of the bridge Lewisham is the highway authority, and north of the bridge Greenwich is the highway authority.

Shown in the picture is the shiny new 10T weight restriction sign installed at Bromley taxpayers' expense to the east of the bridge. There are no weight restriction signs to the north of the bridge (Greenwich) or to the west of the bridge (Lewisham).

Lewisham assert that the bridge now has a 40T weight limit (presumably believing it has been strengthened) and they gleaned this information from Bromley.

Either Bromley has squandered taxpayers' money on the new sign or Lewisham has made a mistake in removing the 10T limit signs.

To further confuse matters, there is a second bridge over the River Quaggy this time on Mottingham Lane, again on the boundary of Bromley and Greenwich, but with Greenwich the highway authority. Could it be that this bridge has the 10T limit.

Whatever the answer, this matter needs investigating as a matter of urgency, and the investigation should include liaising with Lewisham and Greenwich highway authorities to get to the bottom of this matter and ensuring that all three highway authorities display the correct signage for the bridge.",https://www.fixmystreet.com/photo/2824386.0.full.jpeg?2d837a85,51.441612,2021-06-28T15:49:02+01:00,[object Object],Road Traffic Signs,Mr Tom Crispin,0.029312,2824386,Road Traffic Signs,desktop,open,2021-06-28T15:48:56+01:00,"Bridge over the River Quaggy: The bridge over the River Quaggy is on the boundary of Bromley and Greenwich with Bromley being the highway authority for the bridge and to the east of the bridge. West of the bridge Lewisham is the highway authority, and north of the bridge Greenwich is the highway authority.

Shown in the picture is the shiny new 10T weight restriction sign installed at Bromley taxpayers' expense to the east of the bridge. There are no weight restriction signs to the north of the bridge (Greenwich) or to the west of the bridge (Lewisham).

Lewisham assert that the bridge now has a 40T weight limit (presumably believing it has been strengthened) and they gleaned this information from Bromley.

Either Bromley has squandered taxpayers' money on the new sign or Lewisham has made a mistake in removing the 10T limit signs.

To further confuse matters, there is a second bridge over the River Quaggy this time on Mottingham Lane, again on the boundary of Bromley and Greenwich, but with Greenwich the highway authority. Could it be that this bridge has the 10T limit.

Whatever the answer, this matter needs investigating as a matter of urgency, and the investigation should include liaising with Lewisham and Greenwich highway authorities to get to the bottom of this matter and ensuring that all three highway authorities display the correct signage for the bridge.",2021-06-28T15:49:02+01:00,Bridge over the River Quaggy
2021-06-03T15:23:02+01:00,"Lewisham‚Äôs crews doing a sloppy job: Lewisham‚Äôs crews ALWAYS leaving te bins all over the place when they come for collection, instead of putting them back in their dedicated storage. ALWAYS. So every time it‚Äôs windy or when something falls off the bins it‚Äôs all over in the environment instead of being enclosed. Can someone please come put them back before this yard becomes a dump?! Thank you!",2021-06-03T15:23:02+01:00,Lewisham‚Äôs crews doing a sloppy job,-0.050302,2766522,Rubbish (refuse and recycling),mobile,open,[object Object],2021-06-03T15:58:35+01:00,Rubbish (refuse and recycling),"Lewisham‚Äôs crews ALWAYS leaving te bins all over the place when they come for collection, instead of putting them back in their dedicated storage. ALWAYS. So every time it‚Äôs windy or when something falls off the bins it‚Äôs all over in the environment instead of being enclosed. Can someone please come put them back before this yard becomes a dump?! Thank you!",https://www.fixmystreet.com/photo/2766522.0.full.jpeg?7b3beeb7,4,51.479902
2021-06-02T19:09:39+01:00,[object Object],2021-06-06T09:54:27+01:00,Recycling bin full again,Recycling bin full again: One of our recycling bins is full again. It was full last Friday. It is the bin for cardboard. We have other two bins but they only have bottle holes which means residents are forced to place recyclables into the normal waste bins. This problem has existed for years and been exacerbated by COVID. It has been documented and reported to Lewisham Council and Pinnacle since March 2020 and neither has done anything to try to fix the problem so recyclables are literally wasted and Lewisham Council does not care and no-one is held to account as both Pinnacle and Lewisham Council point the finger at the other.,Missed Collection,2021-06-02T19:09:42+01:00,-0.034977,2764526,Missed Collection,1,One of our recycling bins is full again. It was full last Friday. It is the bin for cardboard. We have other two bins but they only have bottle holes which means residents are forced to place recyclables into the normal waste bins. This problem has existed for years and been exacerbated by COVID. It has been documented and reported to Lewisham Council and Pinnacle since March 2020 and neither has done anything to try to fix the problem so recyclables are literally wasted and Lewisham Council does not care and no-one is held to account as both Pinnacle and Lewisham Council point the finger at the other.,open,51.458408,desktop
2021-05-19T17:20:07+01:00,[object Object],2021-05-24T13:59:17+01:00,Bins full again - lack capacity because Lewisham Council inaction,Missed Collection,2021-05-19T17:20:08+01:00,"Bins full again - lack capacity because Lewisham Council inaction: For over a year I have documented and reported that our block lacked recycling bin capacity. I have reported this to Pinnacle, Regenter and Lewisham Council and none have taken any action to resolve this, they just put the finger at the other.

Two of our recycling bins are full again. One (the cardboard bin) has been full for a week, the other (bottle) for a few days. The third bin with bottle slots may only be partially used so residents have no choice but to put cardboard and other items in the normal waste bins.

Because of Lewisham Council and Pinnacle's ongoing neglect approx 25-30% of our recyclables have been placed in the wrong bins for over a year. Neither care about this and apparently no-one is accountable.

It is beyond incompetence and just a waste of tax payers money - Lewisham Council;",1,Missed Collection,2736589,-0.035376,"For over a year I have documented and reported that our block lacked recycling bin capacity. I have reported this to Pinnacle, Regenter and Lewisham Council and none have taken any action to resolve this, they just put the finger at the other.

Two of our recycling bins are full again. One (the cardboard bin) has been full for a week, the other (bottle) for a few days. The third bin with bottle slots may only be partially used so residents have no choice but to put cardboard and other items in the normal waste bins.

Because of Lewisham Council and Pinnacle's ongoing neglect approx 25-30% of our recyclables have been placed in the wrong bins for over a year. Neither care about this and apparently no-one is accountable.

It is beyond incompetence and just a waste of tax payers money - Lewisham Council;",51.457741,open,desktop
3,Fly-Tipping,2732320,-0.038557,"A Large orange Gas Bottle has been put out onto pavement by residents of either number 38 or 38A Holdenby Road:

I reported the situation of residents at 38 and 38A leaving their Bins outside their properties obstructing the pavement for many days at a time and Fly tipping unwanted household items on the pavement outside their homes on the 3rd of May but evidently Lewisham Council have still not contacted them to instruct them to stop doing that as it is still happening:

Today - Monday 17th May some of the Bins have been left out [again] on the pavement since last Wednesday`s Bin emptying day.

They regularly leave either all 4 Bins or 2 of them out obstructing the pavement for many days - often more than a week.

I originally posted a report about that because it was obstructing the pavement when I was going past with my child`s buggy especially when other people were trying to walk past the bins - I sometimes have had to go out into the road to wait for people to pass the bins before proceeding - not desirable with a child in a buggy.

At no point since I reported this problem 12 days ago have all of the bins been put back onto the residents property / removed from the pavement.

Now one of the residents has put a large orange coloured Gas bottle outside on the pavement.

I wonder if there is still Gas in the bottle ?

I feel that this could be very dangerous if for example an inquisitive child tried to turn it on not realising that they should not touch it.

It is NOT good enough for the Council to just categorise this report / complaint as something like: `Passed to the Highways Department` - I cannot remember the exact term used for my previous report.",open,51.455481,desktop,2021-05-17T19:27:30+01:00,2021-05-22T03:48:58+01:00,[object Object],Large orange gas bottle fly tipped onto pavement by resident of either 38 or 38a holdenby road,Fly-Tipping,2021-05-17T19:27:30+01:00,"Large orange gas bottle fly tipped onto pavement by resident of either 38 or 38a holdenby road: A Large orange Gas Bottle has been put out onto pavement by residents of either number 38 or 38A Holdenby Road:

I reported the situation of residents at 38 and 38A leaving their Bins outside their properties obstructing the pavement for many days at a time and Fly tipping unwanted household items on the pavement outside their homes on the 3rd of May but evidently Lewisham Council have still not contacted them to instruct them to stop doing that as it is still happening:

Today - Monday 17th May some of the Bins have been left out [again] on the pavement since last Wednesday`s Bin emptying day.

They regularly leave either all 4 Bins or 2 of them out obstructing the pavement for many days - often more than a week.

I originally posted a report about that because it was obstructing the pavement when I was going past with my child`s buggy especially when other people were trying to walk past the bins - I sometimes have had to go out into the road to wait for people to pass the bins before proceeding - not desirable with a child in a buggy.

At no point since I reported this problem 12 days ago have all of the bins been put back onto the residents property / removed from the pavement.

Now one of the residents has put a large orange coloured Gas bottle outside on the pavement.

I wonder if there is still Gas in the bottle ?

I feel that this could be very dangerous if for example an inquisitive child tried to turn it on not realising that they should not touch it.

It is NOT good enough for the Council to just categorise this report / complaint as something like: `Passed to the Highways Department` - I cannot remember the exact term used for my previous report."
2021-05-08T11:05:54+01:00,[object Object],2021-06-05T19:30:27+01:00,Overflowing bin because of Lewisham Council incompetence,"Overflowing bin because of Lewisham Council incompetence: For over a year the recycle bins in our block, especially the only cardboard bin have been overflowing and residents are forced to throw recyclables in the normal waste bins.

Like previous complaints one bin has been full again for over a week and overflowing for a few days because Lewisham Council continues to fail to deliver this service. Lewisham Council points its finger at Pinnacle and Pinnacle points back and in the interim residents are stuck in the middle of these two corrupt and incompetent organisations having paid for a service which neither provider says it is accountable for.",2021-05-08T11:05:55+01:00,Missed Collection,-0.03514,2713217,Missed Collection,3,"For over a year the recycle bins in our block, especially the only cardboard bin have been overflowing and residents are forced to throw recyclables in the normal waste bins.

Like previous complaints one bin has been full again for over a week and overflowing for a few days because Lewisham Council continues to fail to deliver this service. Lewisham Council points its finger at Pinnacle and Pinnacle points back and in the interim residents are stuck in the middle of these two corrupt and incompetent organisations having paid for a service which neither provider says it is accountable for.",open,51.457818,desktop
2021-06-28T21:14:06+01:00,[object Object],Street Cleaning,3,https://www.fixmystreet.com/photo/2704502.0.full.jpeg?43b8562d,Pigeons have moved into the empty corner shop roof. There is in excess of 30 birds and its increasing. There is large amounts of droppings on the floor surrounding the shop. Pigeon droppings are toxic. They are becoming a nuisance for the surrounding properties too as the population increases.,51.463937,2021-05-03T19:38:49+01:00,Colony of pigeons in building toxic droppings everywhere,2021-05-03T19:38:49+01:00,Colony of pigeons in building toxic droppings everywhere: Pigeons have moved into the empty corner shop roof. There is in excess of 30 birds and its increasing. There is large amounts of droppings on the floor surrounding the shop. Pigeon droppings are toxic. They are becoming a nuisance for the surrounding properties too as the population increases.,Street Cleaning,2704502,-0.040476,open,mobile
51.457775,open,desktop,Rubbish (refuse and recycling),3,2687987,-0.035602,Our recycling bins were again not collected by Lewisham Council. One bin is full and the two others are at 80-90% because regardless of the missed collection we lack bin capacity. Lewisham Council has been aware of this for over a year but failed to take any action. Neither Lewisham Council or Regenter (Pinnacle) will take responsibility for these ongoing failings which mean 1/4-1/3 of our recylcling has to be placed in normal waste bins. Both Lewisham Council and Pinnacle have stated that the other is responsible and their is no mechanism to hold either to account under the failed Regenter RB3 PFI contract,Missed recycling collection again and overflowing bins,Rubbish (refuse and recycling),2021-04-23T17:24:23+01:00,Missed recycling collection again and overflowing bins: Our recycling bins were again not collected by Lewisham Council. One bin is full and the two others are at 80-90% because regardless of the missed collection we lack bin capacity. Lewisham Council has been aware of this for over a year but failed to take any action. Neither Lewisham Council or Regenter (Pinnacle) will take responsibility for these ongoing failings which mean 1/4-1/3 of our recylcling has to be placed in normal waste bins. Both Lewisham Council and Pinnacle have stated that the other is responsible and their is no mechanism to hold either to account under the failed Regenter RB3 PFI contract,2021-04-23T17:24:18+01:00,2021-05-24T13:58:54+01:00,[object Object]
2021-04-11T11:37:55+01:00,Missed Collection,Recycling bins not collected again: For over a year Lewisham Council has failed to consistently collect the recycling bins for this Regenter (Pinnacle) managed block. Documented complaints have been made to both but still no action has been taken. Our bins were full before Easter and were not emptied this week so again residents have to use the normal waste bins to dispose of recyclables. Lewisham Council's contractors do not have the capacity to manage and deliver this contract to the required collection frequency and the estate does not have enough bins to cope with increased bin pressures due to COVID behavioural changes. The bins have not been contaminated but regardless of the evidence this seems to be the Council's go to excuse for not have enough refuse collecting capacity.,Recycling bins not collected again,2021-05-24T13:58:26+01:00,[object Object],2021-04-11T11:37:50+01:00,desktop,open,51.458413,For over a year Lewisham Council has failed to consistently collect the recycling bins for this Regenter (Pinnacle) managed block. Documented complaints have been made to both but still no action has been taken. Our bins were full before Easter and were not emptied this week so again residents have to use the normal waste bins to dispose of recyclables. Lewisham Council's contractors do not have the capacity to manage and deliver this contract to the required collection frequency and the estate does not have enough bins to cope with increased bin pressures due to COVID behavioural changes. The bins have not been contaminated but regardless of the evidence this seems to be the Council's go to excuse for not have enough refuse collecting capacity.,Missed Collection,2,-0.034872,2664921
open,51.427854,desktop,Street Cleaning,11,0.00667,2632121,"Posting here but nothing will get done about it, council will just mark it 'internal review' which seems to mean ignore it and hope it goes away there has been broken glass on the path into Durham Hill (park) from Mooreside Road for the last week. most has been brushed aside by people kicking it out the way as bigger bits are against the green. like most glass breakages on the roads, the council do sod all about it and leave it up to the public to clean up (Q, where do we send the invoice for this or do we deduct it from the poll tax you just put up?)",Broken glass on path into Durham HIll (park),2021-03-25T02:21:05+00:00,Street Cleaning,"Broken glass on path into Durham HIll (park): Posting here but nothing will get done about it, council will just mark it 'internal review' which seems to mean ignore it and hope it goes away there has been broken glass on the path into Durham Hill (park) from Mooreside Road for the last week. most has been brushed aside by people kicking it out the way as bigger bits are against the green. like most glass breakages on the roads, the council do sod all about it and leave it up to the public to clean up (Q, where do we send the invoice for this or do we deduct it from the poll tax you just put up?)",2021-03-25T02:21:03+00:00,2021-08-14T21:29:58+01:00,[object Object]
-0.070467,2605170,Parks/Landscapes,This gate has been locked for some time and it‚Äôs restricting access to Sydenham hill for residents of vigilant close and the green chain walk is signposted through this way,https://www.fixmystreet.com/photo/2605170.0.full.jpeg?122fb8f5,51.431657,open,mobile,2021-03-13T00:35:54+00:00,2021-03-13T00:35:54+00:00,[object Object],Locked gate on Wells Park Road,Locked gate on Wells Park Road: This gate has been locked for some time and it‚Äôs restricting access to Sydenham hill for residents of vigilant close and the green chain walk is signposted through this way,2021-03-13T00:35:54+00:00,Parks/Landscapes
[object Object],2021-06-04T16:37:37+01:00,2021-03-12T11:58:06+00:00,Dog Mess,2021-03-12T11:58:08+00:00,Dog mess (now cleaned up): We frequently have most unpleasant dog mess by our car. We would like an official council sign as a deterrent.,Dog mess (now cleaned up),https://www.fixmystreet.com/photo/2603761.0.full.jpeg?b2ce47a9,We frequently have most unpleasant dog mess by our car. We would like an official council sign as a deterrent.,Dog Mess,2603761,-0.03368,mobile,open,51.472292
2021-05-24T13:57:44+01:00,[object Object],Rubbish (refuse and recycling),https://www.fixmystreet.com/photo/2590386.0.full.jpeg?7eb43da5,Since April 2020 our blocks ongoing lack of recycling capacity has been exacerbated by COVID. Residents have informed then complained about this to Pinnacle and Lewisham Council. Every week or so our recycling bins are overflowing and residents are forced to place a significant amount of recyclables in the normal waste bins. This has been documented for at least 10 months and the problems still continue but Lewisham Council has wrongly stated that the block has adequate capacity. Our recycling bins have been full for over a week so we continue to waste recyclables. Photo attached.,3,51.45836,2021-03-06T11:09:01+00:00,2021-03-06T11:09:03+00:00,Lack of recycle bin capacity: Since April 2020 our blocks ongoing lack of recycling capacity has been exacerbated by COVID. Residents have informed then complained about this to Pinnacle and Lewisham Council. Every week or so our recycling bins are overflowing and residents are forced to place a significant amount of recyclables in the normal waste bins. This has been documented for at least 10 months and the problems still continue but Lewisham Council has wrongly stated that the block has adequate capacity. Our recycling bins have been full for over a week so we continue to waste recyclables. Photo attached.,Lack of recycle bin capacity,Rubbish (refuse and recycling),-0.034797,2590386,desktop,open
2021-01-18T15:59:41+00:00,Access blocked,Access blocked: The concierge at the distillery tower locked the access gate 6 months ago and refuses to open it. My understanding is that this is a public right of way and has to remain opens during daytime hours. I have difficulty in accessing the rear of my building and have to take my bike the opposite way through the building instead of out in to the courtyard and beyond.,2021-01-18T15:59:45+00:00,2486195,-0.02288,Roads/Highways,open,iOS,[object Object],2021-07-04T19:46:39+01:00,Roads/Highways,5,The concierge at the distillery tower locked the access gate 6 months ago and refuses to open it. My understanding is that this is a public right of way and has to remain opens during daytime hours. I have difficulty in accessing the rear of my building and have to take my bike the opposite way through the building instead of out in to the courtyard and beyond.,https://www.fixmystreet.com/photo/2486195.0.full.jpeg?5e5a39a7,51.474062
2021-01-27T10:32:15+00:00,[object Object],Roads/Highways,3,https://www.fixmystreet.com/photo/2366308.0.full.jpeg?f36a632e,Cars are parking vertically on the corner of Stanstead Road and Rockbourn Road & obstruct the left view of motorists emerging from Rockbourn Road causing them to get into the centre of the road. Personally had three near accidents at that point because of this. Cars are parked outside the new Co-op so cars heading towards the 205 from Stanstead Road are already overtaking parked cars at that point and meet any vehicle emerging from Rockbourn Road. This issue has been reported to the local Councillor and has been an issue for many months.,51.4422,2020-11-01T16:54:58+00:00,Dangerous car parking on corner near Co-op,2020-11-01T16:55:02+00:00,Dangerous car parking on corner near Co-op: Cars are parking vertically on the corner of Stanstead Road and Rockbourn Road & obstruct the left view of motorists emerging from Rockbourn Road causing them to get into the centre of the road. Personally had three near accidents at that point because of this. Cars are parked outside the new Co-op so cars heading towards the 205 from Stanstead Road are already overtaking parked cars at that point and meet any vehicle emerging from Rockbourn Road. This issue has been reported to the local Councillor and has been an issue for many months.,Roads/Highways,2366308,-0.047938,open,desktop
2020-10-15T21:49:21+01:00,"Urgent!! Light out: This light has been broken for months, but now that it‚Äôs so dark, it‚Äôs really dangerous in the underpass - you can‚Äôt see your footing on the steps and you can see if there‚Äôs a mugger hiding in the shadows. It‚Äôs really dangerous now!",Urgent!! Light out,2020-10-15T21:49:20+01:00,iOS,open,Street Lighting,2342974,-0.007402,Street Lighting,[object Object],2020-11-12T23:11:02+00:00,51.457953,https://www.fixmystreet.com/photo/2342974.0.full.jpeg?f7430359,"This light has been broken for months, but now that it‚Äôs so dark, it‚Äôs really dangerous in the underpass - you can‚Äôt see your footing on the steps and you can see if there‚Äôs a mugger hiding in the shadows. It‚Äôs really dangerous now!",2
2020-10-05T19:34:21+01:00,[object Object],2020-09-05T21:40:35+01:00,Street Lighting,2020-09-05T21:40:36+01:00,Street light out: Street light have been broken for months. V dark and dangerous in the under passage - you can‚Äôt see the barriers or steps. Someone will fall over soon,Street light out,https://www.fixmystreet.com/photo/2280248.0.full.jpeg?f428803a,Street light have been broken for months. V dark and dangerous in the under passage - you can‚Äôt see the barriers or steps. Someone will fall over soon,Street Lighting,2280248,-0.007438,iOS,51.45814,open
Tree,2020-09-28T18:51:32+01:00,[object Object],51.473729,2,"There is a very large and overgrown tree outside 77 Lewisham Way, which overhangs the pavement and neighbouring property. This tree has never been pruned or inspected and poses a significant potential danger to passers by.

Large branches have been coming off the tree and falling onto the ground and whenever there are winds the tree sways violently.

In addition, the fence next to the tree is damaged and seems to have collapsed - leaving several rusty nails exposed and a large piece of rusted metal grating with branches sticking out of it.",https://www.fixmystreet.com/photo/2262396.0.full.jpeg?f38d8088,Large overgrown tree and rusted nails outside 77 Lewisham Way,"Large overgrown tree and rusted nails outside 77 Lewisham Way: There is a very large and overgrown tree outside 77 Lewisham Way, which overhangs the pavement and neighbouring property. This tree has never been pruned or inspected and poses a significant potential danger to passers by.

Large branches have been coming off the tree and falling onto the ground and whenever there are winds the tree sways violently.

In addition, the fence next to the tree is damaged and seems to have collapsed - leaving several rusty nails exposed and a large piece of rusted metal grating with branches sticking out of it.",2020-08-25T12:03:48+01:00,2020-08-25T12:03:44+01:00,open,Web interface,-0.033304,2262396,Tree
Garden Waste,2167963,0.019776,https://www.fixmystreet.com/photo/2167963.0.full.jpeg?2346d00b,On way in to Melrose close there is an over grown bush which is causing a problem with cars just missing each other perhaps it can be cat back before is accident happens .,open,51.442337,iOS,2020-06-22T19:40:58+01:00,2020-07-21T10:39:33+01:00,[object Object],A big bush,2020-06-22T19:40:59+01:00,Garden Waste,A big bush: On way in to Melrose close there is an over grown bush which is causing a problem with cars just missing each other perhaps it can be cat back before is accident happens .
Non cutting of grass and privets,"Non cutting of grass and privets: The 'green chain walk' in Woodbank Road has not had the grass cut for nearly 3 months. even during lockdown a person with a strimmer or ride on mower could have kept this down. other areas too. green on the corner of Capstone Road and Lame Rock Road also the one in the road with no name between Moorside Road and Capstone Road - opposite the Good Shepard church [PW / Education Facility on your map} both side of the road are very over grown and there has been a tin 'unit' put on there for months. looks like a council thing. also overgrown privets making it impossible to walk on the pavement when cars are also, badly, parked. corner of Moorside Road and Whitefoot Terrace. Corner of Capstone Road and Durham Hill come to mind",2020-06-16T01:45:36+01:00,Parks/Landscapes,2020-06-16T01:45:35+01:00,2020-10-21T00:20:43+01:00,[object Object],51.431215,open,Web interface,0.008065,2157503,11,Parks/Landscapes,"The 'green chain walk' in Woodbank Road has not had the grass cut for nearly 3 months. even during lockdown a person with a strimmer or ride on mower could have kept this down. other areas too. green on the corner of Capstone Road and Lame Rock Road also the one in the road with no name between Moorside Road and Capstone Road - opposite the Good Shepard church [PW / Education Facility on your map} both side of the road are very over grown and there has been a tin 'unit' put on there for months. looks like a council thing. also overgrown privets making it impossible to walk on the pavement when cars are also, badly, parked. corner of Moorside Road and Whitefoot Terrace. Corner of Capstone Road and Durham Hill come to mind"
2020-08-16T15:00:03+01:00,[object Object],Tree,"I have to report this ever year and Lewisham come and look say they need attention but nothing ever gets done. All the trees in to road are overgrown and blocking the pavement and the crown of the trees are blocking out the daylight into my home and blocking the street lamps at night, the trees need to be cut right back once and for all",https://www.fixmystreet.com/photo/2125810.0.full.jpeg?b2d662bd,2,51.435971,2020-05-22T18:58:42+01:00,"Over Grown Trees: I have to report this ever year and Lewisham come and look say they need attention but nothing ever gets done. All the trees in to road are overgrown and blocking the pavement and the crown of the trees are blocking out the daylight into my home and blocking the street lamps at night, the trees need to be cut right back once and for all",2020-05-22T18:58:44+01:00,Over Grown Trees,-0.046418,2125810,Tree,Web interface,open
Street Lighting,2106811,-0.013537,open,iOS,2020-05-05T17:35:24+01:00,Footbridge lamps out,2020-05-05T17:35:25+01:00,Footbridge lamps out: This footbridges lamps have been out for years and years it‚Äôs dark and dangerous at night and encourages muggings and crime fix these lamps at the sides of the footbridge,6,https://www.fixmystreet.com/photo/2106811.0.full.jpeg?8b782f38,This footbridges lamps have been out for years and years it‚Äôs dark and dangerous at night and encourages muggings and crime fix these lamps at the sides of the footbridge,51.462865,2020-11-07T21:27:34+00:00,[object Object],Street Lighting
2020-03-20T10:27:44+00:00,"Demolished wall and fence (car crash): Logged 3 years ago and labelled as fixed, but IT IS NOT FIXED. A car crashed into the wall and demolished the brick wall (behind the bins in the photo) and the fence (as visible in the photo). The car nearly killed me walking on the pavement too, and the speed people drive down Brookmill Road is therefore a far larger issue. Don't wait until someone dies to do something. Speed bumps are a must.",2020-03-20T10:30:06+00:00,Demolished wall and fence (car crash),-0.019223,2068802,Roads/Highways,Web interface,open,[object Object],2020-06-15T16:35:51+01:00,Roads/Highways,William Cummins,"Logged 3 years ago and labelled as fixed, but IT IS NOT FIXED. A car crashed into the wall and demolished the brick wall (behind the bins in the photo) and the fence (as visible in the photo). The car nearly killed me walking on the pavement too, and the speed people drive down Brookmill Road is therefore a far larger issue. Don't wait until someone dies to do something. Speed bumps are a must.",https://www.fixmystreet.com/photo/2068802.0.full.jpeg?5a06eb02,51.469189
[object Object],2020-03-09T13:01:50+00:00,Rita Hooks,Roads/Highways,1,Sewage pipe outlet creaking and plastic pipe moving. This is not normal.,https://www.fixmystreet.com/photo/2047841.0.full.jpeg?94be54dc,51.437923,2020-03-08T15:20:05+00:00,Sewage outlet pipe,Sewage outlet pipe: Sewage pipe outlet creaking and plastic pipe moving. This is not normal.,2020-03-08T15:27:16+00:00,0.003098,2047841,Roads/Highways,open,iOS
2,https://www.fixmystreet.com/photo/2015323.0.full.jpeg?191a424e,"Hi. This gas outlet has been leaking for months now. We‚Äôve reported it several times so I‚Äôm seeing if this app has a better result. It is right by the main entrance to Mountsfield Park... quite why park staff have never done anything is rediculose. Anyway, I hope someone can sort it out please",51.449586,2020-03-21T23:24:40+00:00,[object Object],Pavement Jetting,Pavement Jetting,-0.007123,2015323,open,iOS,2020-02-22T19:01:09+00:00,Gas leak,2020-02-22T19:05:12+00:00,"Gas leak: Hi. This gas outlet has been leaking for months now. We‚Äôve reported it several times so I‚Äôm seeing if this app has a better result. It is right by the main entrance to Mountsfield Park... quite why park staff have never done anything is rediculose. Anyway, I hope someone can sort it out please"
51.470848,5,"Green Developer‚Äôs hoarding on Morden Lane is covered in graffiti, which has now spread to nearby private properties, and wall which is part of a conservation area. Developer is negligent in their maintenance of this; they erected it so should also maintain it in an acceptable condition. Currently it‚Äôs damaging the area‚Äôs environment and bringing anti-social behaviour/ crime here as a result.",https://www.fixmystreet.com/photo/1984050.0.full.jpeg?10b93598,Graffiti,2020-08-17T19:15:02+01:00,[object Object],open,Web interface,-0.010362,1984050,Graffiti,Developer‚Äôs hoarding covered in graffiti,"Developer‚Äôs hoarding covered in graffiti: Green Developer‚Äôs hoarding on Morden Lane is covered in graffiti, which has now spread to nearby private properties, and wall which is part of a conservation area. Developer is negligent in their maintenance of this; they erected it so should also maintain it in an acceptable condition. Currently it‚Äôs damaging the area‚Äôs environment and bringing anti-social behaviour/ crime here as a result.",2020-02-07T10:01:13+00:00,2020-02-07T09:58:48+00:00
2019-11-19T19:18:21+00:00,Fence already pulled down by gate onto public pavement but now is also pulled entirely away at the other end by the railway. Rubbish being thrown on to Site of Importance for Nature Conservation via this massive hole.,2019-11-19T19:20:06+00:00,Fence already pulled down by gate onto public pavement but now is also pulled entirely away at the other end by the railway. Rubbish being thrown on to Site of Importance for Nature Conservation via this massive hole.: The sections of pulled down fence are huge now and various issues as a result - people can get on to the land and damage/vandalise the scout hut & SINC site all listed with Lewisham as assets of community value. Rubbish being dumped on the site and pathway obstructed with fencing.,Roads/Highways,1853790,-0.041122,open,Web interface,[object Object],2020-02-14T12:02:03+00:00,Roads/Highways,5,https://www.fixmystreet.com/photo/1853790.0.full.jpeg?d46e143f,The sections of pulled down fence are huge now and various issues as a result - people can get on to the land and damage/vandalise the scout hut & SINC site all listed with Lewisham as assets of community value. Rubbish being dumped on the site and pathway obstructed with fencing.,51.454742
Problem not fixed: Stones in Calmont Road,"Problem not fixed: Stones in Calmont Road: Despite numerous responses today that the problem is fixed, it isn't.

Whilst most stones are not on the Calmont Road carriageway, they are on the Hillbrow Road carriageway. As the photos show, road markings indicating a bump in the road are partially covered and the direct route used by pedestrians crossing Hillbrow is covered by stones. These are particularly difficult to walk on for those in 'equality' categories eg the elderly, infirm and carers with prams. Further more, because the stones are in very close proximity to Calmont Road (and generally are all over it), this is dangerous for cyclists and in addition, car wheels can flick the stones into the air dangerously.",2019-08-19T13:15:06+01:00,2019-08-19T13:11:01+01:00,open,Web interface,1737051,-0.000939,Street Cleaning,Street Cleaning,[object Object],2019-09-16T15:26:25+01:00,51.416335,2,"Despite numerous responses today that the problem is fixed, it isn't.

Whilst most stones are not on the Calmont Road carriageway, they are on the Hillbrow Road carriageway. As the photos show, road markings indicating a bump in the road are partially covered and the direct route used by pedestrians crossing Hillbrow is covered by stones. These are particularly difficult to walk on for those in 'equality' categories eg the elderly, infirm and carers with prams. Further more, because the stones are in very close proximity to Calmont Road (and generally are all over it), this is dangerous for cyclists and in addition, car wheels can flick the stones into the air dangerously.",https://www.fixmystreet.com/photo/1737051.0.full.jpeg?7d997e41
Street Cleaning,4,1703097,-0.012011,"The north side of Station Road (by the taxi rank) has overgrown vegetation that has already covered the seating and in encroaching onto the pavement. The area is littered with discarded rubbish (the bins are often overflowing) and has been rat-infested in the past. I'm aware that the area has been baited, in the past.",51.465293,open,Web interface,2019-07-20T17:22:24+01:00,2020-02-03T13:07:02+00:00,[object Object],Station Road - overgrown vegetation,Street Cleaning,2019-07-20T17:25:04+01:00,"Station Road - overgrown vegetation: The north side of Station Road (by the taxi rank) has overgrown vegetation that has already covered the seating and in encroaching onto the pavement. The area is littered with discarded rubbish (the bins are often overflowing) and has been rat-infested in the past. I'm aware that the area has been baited, in the past."
-0.000829,1646696,Roads/Highways,Web interface,open,2019-06-02T20:20:13+01:00,Shingles on Calmont Road from Hillbrow: The shingles from the un-adopted road Hillbrow Road are deposited onto Calmont Road and are never cleared cleared. This makes this section of Calmont Road uneven and unstable. The other day I was unable to push a pram along this section and had to move to the centre of the road to avoid it which is dangerous to myself and my son.,2019-06-02T20:25:04+01:00,Shingles on Calmont Road from Hillbrow,The shingles from the un-adopted road Hillbrow Road are deposited onto Calmont Road and are never cleared cleared. This makes this section of Calmont Road uneven and unstable. The other day I was unable to push a pram along this section and had to move to the centre of the road to avoid it which is dangerous to myself and my son.,https://www.fixmystreet.com/photo/1646696.0.full.jpeg?6a728775,1,51.416185,[object Object],2019-06-30T21:25:58+01:00,Roads/Highways
2019-04-15T08:40:24+01:00,Graffiti -,Graffiti -: Lots of this in area. Really brings everyone down.,2019-04-15T08:45:04+01:00,1603406,-0.039301,Graffiti,open,iOS,[object Object],2019-05-13T09:29:15+01:00,Graffiti,2,Lots of this in area. Really brings everyone down.,https://www.fixmystreet.com/photo/1603406.0.full.jpeg?6de7e6a7,51.4755
2020-07-04T12:48:29+01:00,[object Object],Trade Waste,Satwinder Sandhu,This item was left behind after works and has never been collected!,https://www.fixmystreet.com/photo/1567685.0.full.jpeg?cb0eaa4a,5,51.49021,2019-03-11T07:50:40+00:00,Left item: This item was left behind after works and has never been collected!,2019-03-11T07:55:04+00:00,Left item,-0.031002,1567685,Trade Waste,Web interface,open
Large holes in footpath,Large holes in footpath: Trip hazard with only a singe cone warning of hazard. Large hole in footpath.,2019-02-21T15:10:10+00:00,2019-02-21T15:09:12+00:00,open,Android,1551098,-0.015813,Roads/Highways,Roads/Highways,[object Object],2019-04-26T09:54:29+01:00,51.45287,2,Trip hazard with only a singe cone warning of hazard. Large hole in footpath.,https://www.fixmystreet.com/photo/1551098.0.full.jpeg?7e0fff17
Potholes,1548341,-0.015935,open,iOS,2019-02-19T04:15:03+00:00,Pothole,2019-02-19T04:20:04+00:00,Pothole: This pothole has been here for AGES. I reported a long time ago and it‚Äôs still not been fixed. It‚Äôs actually gotten bigger since I first reporter it and appears to be sinking. It sits next to what appears to be a water mains supply stopcock on the walkway in front of Lewisham Park Towers. It‚Äôs close to the front of the Kemsley block building.,1,https://www.fixmystreet.com/photo/1548341.0.full.jpeg?6f1cd6df,This pothole has been here for AGES. I reported a long time ago and it‚Äôs still not been fixed. It‚Äôs actually gotten bigger since I first reporter it and appears to be sinking. It sits next to what appears to be a water mains supply stopcock on the walkway in front of Lewisham Park Towers. It‚Äôs close to the front of the Kemsley block building.,51.452924,[object Object],2019-02-19T10:16:09+00:00,Stephe Meloy,Potholes
2020-08-25T17:37:45+01:00,[object Object],2019-01-12T06:30:06+00:00,Lamps out on the footbridge: The lamps along the footbridge next to the park have been out for two years and are a danger as drug addicts and dangerous criminals prey on vulnerable residents. Why has lewisham council ignored all requests for the last two years to have the lamps replaced? A boycott of council taxes is an option if these lamps are not replaced so residents can feel safe when crossing during the dark,Street Lighting,2019-01-12T06:35:05+00:00,Lamps out on the footbridge,The lamps along the footbridge next to the park have been out for two years and are a danger as drug addicts and dangerous criminals prey on vulnerable residents. Why has lewisham council ignored all requests for the last two years to have the lamps replaced? A boycott of council taxes is an option if these lamps are not replaced so residents can feel safe when crossing during the dark,1495186,-0.014815,Street Lighting,5,iOS,open,51.462188
open,iOS,Roads/Highways,1469525,-0.05196,Planning permission breach,2018-11-25T14:20:04+00:00,"Planning permission breach: London and Quadrant have added external pipework to their flats with no planning permission and also probably breaching building regulations and in addition this pipework poses a potential danger to members of the public as it fronts onto a public footpath.

Planning enforcement should please investigate",2018-11-25T14:17:47+00:00,51.423739,9,https://www.fixmystreet.com/photo/1469525.0.full.jpeg?7153cb09,"London and Quadrant have added external pipework to their flats with no planning permission and also probably breaching building regulations and in addition this pipework poses a potential danger to members of the public as it fronts onto a public footpath.

Planning enforcement should please investigate",Roads/Highways,[object Object],2020-06-09T16:05:29+01:00
51.45481,https://www.fixmystreet.com/photo/1332162.0.full.jpeg?1082df3d,Five cases of vandalism on newly painted bridge over railway line,2,Graffiti,David Jesudason,2018-07-04T12:25:24+01:00,[object Object],iOS,open,Graffiti,-0.040836,1332162,2018-06-06T11:35:04+01:00,Graffiti: Five cases of vandalism on newly painted bridge over railway line,Graffiti,2018-06-06T11:34:20+01:00
Bin Repair,[object Object],2018-10-16T10:41:47+01:00,51.426067,2,1-47 Hazel Grove Renew Wheel to chamberlain Bin,https://www.fixmystreet.com/photo/1057511.0.full.jpeg?713a768b,1-47 Hazel Grove,1-47 Hazel Grove: 1-47 Hazel Grove Renew Wheel to chamberlain Bin,2017-06-20T12:25:47+01:00,2017-06-20T12:23:17+01:00,open,Web interface,-0.046354,1057511,Bin Repair
Graffiti on side and rear of Amersham Arms pub,Graffiti,2016-11-15T08:20:22+00:00,Graffiti on side and rear of Amersham Arms pub: Graffiti on side and rear of Amersham Arms pub,2016-11-15T08:19:25+00:00,2016-11-15T08:20:22+00:00,[object Object],open,51.475541,Web interface,Graffiti,927194,-0.03261,Graffiti on side and rear of Amersham Arms pub
